All Websites,All Malicious Websites,phishing,defacement,malware
1,0.3425845873176994,0.1445213462716776,0.14812397591490054,0.049939265131121284
